File,Major_code,Major,Major_category,Total,Employed,Employed_full_time_year_round,Unemployed,Unemployment_rate,Median,P25th,P75th,Rank,Men,Women,ShareWomen,Sample_size,Full_time,Part_time,Full_time_year_round,College_jobs,Non_college_jobs,Low_wage_jobs
all-ages.csv,1100,GENERAL AGRICULTURE,Agriculture & Natural Resources,128148,90245,74078,2423,0.026147106,50000,34000,80000,,,,,,,,,,,
all-ages.csv,1101,AGRICULTURE PRODUCTION AND MANAGEMENT,Agriculture & Natural Resources,95326,76865,64240,2266,0.028636059,54000,36000,80000,,,,,,,,,,,
all-ages.csv,1102,AGRICULTURAL ECONOMICS,Agriculture & Natural Resources,33955,26321,22810,821,0.030248324,63000,40000,98000,,,,,,,,,,,
all-ages.csv,1103,ANIMAL SCIENCES,Agriculture & Natural Resources,103549,81177,64937,3619,0.0426789,46000,30000,72000,,,,,,,,,,,
all-ages.csv,1104,FOOD SCIENCE,Agriculture & Natural Resources,24280,17281,12722,894,0.049188446,62000,38500,90000,,,,,,,,,,,
all-ages.csv,1105,PLANT SCIENCE AND AGRONOMY,Agriculture & Natural Resources,79409,63043,51077,2070,0.031790887,50000,35000,75000,,,,,,,,,,,
all-ages.csv,1106,SOIL SCIENCE,Agriculture & Natural Resources,6586,4926,4042,264,0.050867052,63000,39400,88000,,,,,,,,,,,
all-ages.csv,1199,MISCELLANEOUS AGRICULTURE,Agriculture & Natural Resources,8549,6392,5074,261,0.039230422,52000,35000,75000,,,,,,,,,,,
all-ages.csv,1301,ENVIRONMENTAL SCIENCE,Biology & Life Science,106106,87602,65238,4736,0.051289827,52000,38000,75000,,,,,,,,,,,
all-ages.csv,1302,FORESTRY,Agriculture & Natural Resources,69447,48228,39613,2144,0.042563329,58000,40500,80000,,,,,,,,,,,
all-ages.csv,1303,NATURAL RESOURCES MANAGEMENT,Agriculture & Natural Resources,83188,65937,50595,3789,0.054341279,52000,37100,75000,,,,,,,,,,,
all-ages.csv,1401,ARCHITECTURE,Engineering,294692,216770,163020,20394,0.085991129,63000,40400,93500,,,,,,,,,,,
all-ages.csv,1501,AREA ETHNIC AND CIVILIZATION STUDIES,Humanities & Liberal Arts,103740,75798,50530,5525,0.067938959,46000,32000,71000,,,,,,,,,,,
all-ages.csv,1901,COMMUNICATIONS,Communications & Journalism,987676,790696,595739,54390,0.064360314,50000,35000,80000,,,,,,,,,,,
all-ages.csv,1902,JOURNALISM,Communications & Journalism,418104,314438,235407,20754,0.061916752,50000,35000,80000,,,,,,,,,,,
all-ages.csv,1903,MASS MEDIA,Communications & Journalism,211213,170474,125489,15431,0.08300476,48000,32000,70000,,,,,,,,,,,
all-ages.csv,1904,ADVERTISING AND PUBLIC RELATIONS,Communications & Journalism,186829,147433,111552,10624,0.067216257,50000,34000,75000,,,,,,,,,,,
all-ages.csv,2001,COMMUNICATION TECHNOLOGIES,Computers & Mathematics,62141,49609,37261,4609,0.085008669,50000,34500,75000,,,,,,,,,,,
all-ages.csv,2100,COMPUTER AND INFORMATION SYSTEMS,Computers & Mathematics,253782,218248,189950,11945,0.051891239,65000,45000,90000,,,,,,,,,,,
all-ages.csv,2101,COMPUTER PROGRAMMING AND DATA PROCESSING,Computers & Mathematics,29317,22828,18747,2265,0.090264217,60000,40000,85000,,,,,,,,,,,
all-ages.csv,2102,COMPUTER SCIENCE,Computers & Mathematics,783292,656372,561052,34196,0.049518657,78000,51000,105000,,,,,,,,,,,
all-ages.csv,2105,INFORMATION SCIENCES,Computers & Mathematics,77805,66393,57604,3704,0.052841063,68000,46200,95000,,,,,,,,,,,
all-ages.csv,2106,COMPUTER ADMINISTRATION MANAGEMENT AND SECURITY,Computers & Mathematics,39362,32366,28156,2626,0.075045725,55000,40000,80000,,,,,,,,,,,
all-ages.csv,2107,COMPUTER NETWORKING AND TELECOMMUNICATIONS,Computers & Mathematics,51771,44071,35954,2748,0.05869412,55000,36000,80000,,,,,,,,,,,
all-ages.csv,2201,COSMETOLOGY SERVICES AND CULINARY ARTS,Industrial Arts & Consumer Services,42325,33388,25780,1941,0.0549407,40000,26200,60000,,,,,,,,,,,
all-ages.csv,2300,GENERAL EDUCATION,Education,1438867,843693,591863,38742,0.043903517,43000,32000,59000,,,,,,,,,,,
all-ages.csv,2301,EDUCATIONAL ADMINISTRATION AND SUPERVISION,Education,4037,3113,2468,0,0,58000,44750,79000,,,,,,,,,,,
all-ages.csv,2303,SCHOOL STUDENT COUNSELING,Education,2396,1492,1093,169,0.101745936,41000,33200,50000,,,,,,,,,,,
all-ages.csv,2304,ELEMENTARY EDUCATION,Education,1446701,819393,501786,32685,0.038359164,40000,31000,50000,,,,,,,,,,,
all-ages.csv,2305,MATHEMATICS TEACHER EDUCATION,Education,68808,47203,29494,1610,0.032983017,43000,34000,60000,,,,,,,,,,,
all-ages.csv,2306,PHYSICAL AND HEALTH EDUCATION TEACHING,Education,281661,193542,136343,9389,0.046266958,48400,34000,66500,,,,,,,,,,,
all-ages.csv,2307,EARLY CHILDHOOD EDUCATION,Education,157079,113460,71133,5890,0.049350649,35300,27000,45800,,,,,,,,,,,
all-ages.csv,2308,SCIENCE AND COMPUTER TEACHER EDUCATION,Education,56477,36224,24817,1596,0.042199894,46000,35000,61000,,,,,,,,,,,
all-ages.csv,2309,SECONDARY TEACHER EDUCATION,Education,224262,129486,88917,5925,0.043755677,45000,34000,60000,,,,,,,,,,,
all-ages.csv,2310,SPECIAL NEEDS EDUCATION,Education,149689,108272,71615,5357,0.047144655,42000,34000,53000,,,,,,,,,,,
all-ages.csv,2311,SOCIAL SCIENCE OR HISTORY TEACHER EDUCATION,Education,127022,78785,51632,3800,0.046013199,45000,33000,64000,,,,,,,,,,,
all-ages.csv,2312,TEACHER EDUCATION: MULTIPLE LEVELS,Education,88067,58885,37892,2032,0.033356863,40000,30000,51000,,,,,,,,,,,
all-ages.csv,2313,LANGUAGE AND DRAMA EDUCATION,Education,181445,111347,67651,5624,0.048080293,42000,32000,54000,,,,,,,,,,,
all-ages.csv,2314,ART AND MUSIC EDUCATION,Education,231861,155159,94756,6629,0.040973373,42600,32000,56000,,,,,,,,,,,
all-ages.csv,2399,MISCELLANEOUS EDUCATION,Education,225553,126054,91322,5145,0.039215238,50000,35600,71000,,,,,,,,,,,
all-ages.csv,2400,GENERAL ENGINEERING,Engineering,503080,359172,312023,17986,0.047688237,75000,50000,1.00E+05,,,,,,,,,,,
all-ages.csv,2401,AEROSPACE ENGINEERING,Engineering,65734,44944,38491,1969,0.041971309,80000,58000,110000,,,,,,,,,,,
all-ages.csv,2402,BIOLOGICAL ENGINEERING,Engineering,32748,24270,18621,1521,0.058974061,62000,40000,91000,,,,,,,,,,,
all-ages.csv,2403,ARCHITECTURAL ENGINEERING,Engineering,19587,13713,11180,1017,0.06904277,78000,50000,102000,,,,,,,,,,,
all-ages.csv,2404,BIOMEDICAL ENGINEERING,Engineering,18347,12876,9202,1105,0.079035834,65000,40000,96000,,,,,,,,,,,
all-ages.csv,2405,CHEMICAL ENGINEERING,Engineering,188046,131697,109406,6388,0.046261361,86000,60000,120000,,,,,,,,,,,
all-ages.csv,2406,CIVIL ENGINEERING,Engineering,358593,262831,220528,14823,0.053386589,78000,55000,105000,,,,,,,,,,,
all-ages.csv,2407,COMPUTER ENGINEERING,Engineering,154160,128742,111025,7456,0.054743829,80000,60000,107000,,,,,,,,,,,
all-ages.csv,2408,ELECTRICAL ENGINEERING,Engineering,671647,489965,422317,26064,0.050508789,88000,60000,116000,,,,,,,,,,,
all-ages.csv,2409,ENGINEERING MECHANICS PHYSICS AND SCIENCE,Engineering,20582,14909,12257,683,0.043804515,65000,45000,1.00E+05,,,,,,,,,,,
all-ages.csv,2410,ENVIRONMENTAL ENGINEERING,Engineering,13016,9849,8104,472,0.045732003,70000,50000,95000,,,,,,,,,,,
all-ages.csv,2411,GEOLOGICAL AND GEOPHYSICAL ENGINEERING,Engineering,6264,4120,3350,0,0,85000,55000,125000,,,,,,,,,,,
all-ages.csv,2412,INDUSTRIAL AND MANUFACTURING ENGINEERING,Engineering,138366,101273,85014,5498,0.051493383,75000,50000,101000,,,,,,,,,,,
all-ages.csv,2413,MATERIALS ENGINEERING AND MATERIALS SCIENCE,Engineering,21430,14687,11871,933,0.059731114,78000,55000,105000,,,,,,,,,,,
all-ages.csv,2414,MECHANICAL ENGINEERING,Engineering,581529,422207,362053,19360,0.043843856,80000,59000,110000,,,,,,,,,,,
all-ages.csv,2415,METALLURGICAL ENGINEERING,Engineering,12818,6939,5462,326,0.044872677,96000,65000,123000,,,,,,,,,,,
all-ages.csv,2416,MINING AND MINERAL ENGINEERING,Engineering,10746,7416,6419,366,0.047031611,92000,52000,124000,,,,,,,,,,,
all-ages.csv,2417,NAVAL ARCHITECTURE AND MARINE ENGINEERING,Engineering,16094,10690,9226,449,0.040308825,97000,60000,125000,,,,,,,,,,,
all-ages.csv,2418,NUCLEAR ENGINEERING,Engineering,9826,7320,6474,527,0.067159424,95000,65000,128000,,,,,,,,,,,
all-ages.csv,2419,PETROLEUM ENGINEERING,Engineering,19631,14002,11636,617,0.042205349,125000,75000,210000,,,,,,,,,,,
all-ages.csv,2499,MISCELLANEOUS ENGINEERING,Engineering,57006,43906,37194,2744,0.058821008,70000,50000,1.00E+05,,,,,,,,,,,
all-ages.csv,2500,ENGINEERING TECHNOLOGIES,Engineering,37382,30102,25651,1475,0.046711214,63000,40000,93000,,,,,,,,,,,
all-ages.csv,2501,ENGINEERING AND INDUSTRIAL MANAGEMENT,Engineering,47098,27275,22104,1577,0.054658256,74000,50000,107000,,,,,,,,,,,
all-ages.csv,2502,ELECTRICAL ENGINEERING TECHNOLOGY,Engineering,94697,73737,64157,4572,0.058384094,67000,46900,91000,,,,,,,,,,,
all-ages.csv,2503,INDUSTRIAL PRODUCTION TECHNOLOGIES,Engineering,82142,65401,57266,3431,0.049846002,70000,48000,98000,,,,,,,,,,,
all-ages.csv,2504,MECHANICAL ENGINEERING RELATED TECHNOLOGIES,Engineering,29348,24190,21273,1101,0.043533273,60000,40000,82000,,,,,,,,,,,
all-ages.csv,2599,MISCELLANEOUS ENGINEERING TECHNOLOGIES,Engineering,64196,53097,46183,3401,0.060196821,63000,42000,90000,,,,,,,,,,,
all-ages.csv,2601,LINGUISTICS AND COMPARATIVE LANGUAGE AND LITERATURE,Humanities & Liberal Arts,75791,45657,30428,4043,0.081348089,48000,30000,70000,,,,,,,,,,,
all-ages.csv,2602,FRENCH GERMAN LATIN AND OTHER COMMON FOREIGN LANGUAGE STUDIES,Humanities & Liberal Arts,236342,153654,99459,9598,0.058792542,48000,33500,69000,,,,,,,,,,,
all-ages.csv,2603,OTHER FOREIGN LANGUAGES,Humanities & Liberal Arts,57793,34696,23046,2707,0.072373874,45000,30000,75000,,,,,,,,,,,
all-ages.csv,2901,FAMILY AND CONSUMER SCIENCES,Industrial Arts & Consumer Services,402038,241585,154167,14273,0.055784849,40500,30000,60000,,,,,,,,,,,
all-ages.csv,3201,COURT REPORTING,Law & Public Policy,9330,7270,6143,518,0.066512583,50000,34000,75000,,,,,,,,,,,
all-ages.csv,3202,PRE-LAW AND LEGAL STUDIES,Law & Public Policy,67037,49259,37254,3699,0.069847804,48000,34000,70000,,,,,,,,,,,
all-ages.csv,3301,ENGLISH LANGUAGE AND LITERATURE,Humanities & Liberal Arts,1098647,708882,482229,52248,0.068645304,50000,32900,75000,,,,,,,,,,,
all-ages.csv,3302,COMPOSITION AND RHETORIC,Humanities & Liberal Arts,59211,44913,29628,3569,0.07361495,40000,28800,65000,,,,,,,,,,,
all-ages.csv,3401,LIBERAL ARTS,Humanities & Liberal Arts,601221,404932,296792,29348,0.067578521,50000,33000,75000,,,,,,,,,,,
all-ages.csv,3402,HUMANITIES,Humanities & Liberal Arts,46188,29971,19460,2530,0.077843759,46700,30000,70000,,,,,,,,,,,
all-ages.csv,3501,LIBRARY SCIENCE,Education,16193,7091,4330,743,0.094842992,40000,30000,55000,,,,,,,,,,,
all-ages.csv,3600,BIOLOGY,Biology & Life Science,839454,583079,422788,36757,0.05930117,51000,35000,80000,,,,,,,,,,,
all-ages.csv,3601,BIOCHEMICAL SCIENCES,Biology & Life Science,75322,52594,37103,4056,0.071597529,53000,33000,82000,,,,,,,,,,,
all-ages.csv,3602,BOTANY,Biology & Life Science,14135,9284,6333,327,0.034023515,50000,32000,75000,,,,,,,,,,,
all-ages.csv,3603,MOLECULAR BIOLOGY,Biology & Life Science,28197,20221,13366,1303,0.060537075,45000,30000,70000,,,,,,,,,,,
all-ages.csv,3604,ECOLOGY,Biology & Life Science,45368,36708,25677,1888,0.048916986,47500,32000,73000,,,,,,,,,,,
all-ages.csv,3605,GENETICS,Biology & Life Science,6362,4747,3498,206,0.041590955,48000,33000,80000,,,,,,,,,,,
all-ages.csv,3606,MICROBIOLOGY,Biology & Life Science,68885,45422,33990,2435,0.050880749,60000,40000,85000,,,,,,,,,,,
all-ages.csv,3607,PHARMACOLOGY,Biology & Life Science,5015,3481,2579,57,0.016110797,60000,35000,105000,,,,,,,,,,,
all-ages.csv,3608,PHYSIOLOGY,Biology & Life Science,43984,31394,20207,1692,0.051139455,50000,30000,75000,,,,,,,,,,,
all-ages.csv,3609,ZOOLOGY,Biology & Life Science,55395,35714,26152,1815,0.0483626,55000,34000,85000,,,,,,,,,,,
all-ages.csv,3611,NEUROSCIENCE,Biology & Life Science,13676,8987,5446,665,0.068897638,35000,28000,52000,,,,,,,,,,,
all-ages.csv,3699,MISCELLANEOUS BIOLOGY,Biology & Life Science,29389,22298,16508,1114,0.047582436,52000,33500,72800,,,,,,,,,,,
all-ages.csv,3700,MATHEMATICS,Computers & Mathematics,432806,280902,209838,15701,0.05293608,66000,42000,1.00E+05,,,,,,,,,,,
all-ages.csv,3701,APPLIED MATHEMATICS,Computers & Mathematics,19112,15136,12109,892,0.055652608,70000,47000,106000,,,,,,,,,,,
all-ages.csv,3702,STATISTICS AND DECISION SCIENCE,Computers & Mathematics,24806,18808,14468,1138,0.057054046,70000,43000,102000,,,,,,,,,,,
all-ages.csv,3801,MILITARY TECHNOLOGIES,Industrial Arts & Consumer Services,4315,1650,1708,187,0.101796407,64000,39750,90000,,,,,,,,,,,
all-ages.csv,4000,MULTI/INTERDISCIPLINARY STUDIES,Interdisciplinary,45199,35706,26038,2990,0.077268968,43000,32000,55000,,,,,,,,,,,
all-ages.csv,4001,INTERCULTURAL AND INTERNATIONAL STUDIES,Humanities & Liberal Arts,56580,43114,27499,3462,0.074330127,45000,30000,69000,,,,,,,,,,,
all-ages.csv,4002,NUTRITION SCIENCES,Health,64534,43878,28112,2961,0.06321655,49500,34000,69000,,,,,,,,,,,
all-ages.csv,4005,MATHEMATICS AND COMPUTER SCIENCE,Computers & Mathematics,7184,5874,5039,150,0.024900398,92000,53000,136000,,,,,,,,,,,
all-ages.csv,4006,COGNITIVE SCIENCE AND BIOPSYCHOLOGY,Biology & Life Science,6898,5527,3639,284,0.048872827,53000,31500,93000,,,,,,,,,,,
all-ages.csv,4007,INTERDISCIPLINARY SOCIAL SCIENCES,Social Science,61871,43312,31078,3030,0.065383453,45000,33000,67000,,,,,,,,,,,
all-ages.csv,4101,PHYSICAL FITNESS PARKS RECREATION AND LEISURE,Industrial Arts & Consumer Services,350409,286683,204242,14108,0.046902999,44000,30000,60000,,,,,,,,,,,
all-ages.csv,4801,PHILOSOPHY AND RELIGIOUS STUDIES,Humanities & Liberal Arts,205763,138734,95429,11252,0.075020335,45000,30000,70000,,,,,,,,,,,
all-ages.csv,4901,THEOLOGY AND RELIGIOUS VOCATIONS,Humanities & Liberal Arts,232865,164827,121606,7317,0.042505112,40000,27000,56000,,,,,,,,,,,
all-ages.csv,5000,PHYSICAL SCIENCES,Physical Sciences,8856,5872,4961,238,0.038952537,60000,38000,89000,,,,,,,,,,,
all-ages.csv,5001,ASTRONOMY AND ASTROPHYSICS,Physical Sciences,4700,3400,2447,320,0.086021505,80000,40000,106000,,,,,,,,,,,
all-ages.csv,5002,ATMOSPHERIC SCIENCES AND METEOROLOGY,Physical Sciences,14051,11252,9098,429,0.036726308,60000,39000,90000,,,,,,,,,,,
all-ages.csv,5003,CHEMISTRY,Physical Sciences,308062,198075,153308,11468,0.054728624,59000,38700,90000,,,,,,,,,,,
all-ages.csv,5004,GEOLOGY AND EARTH SCIENCE,Physical Sciences,107902,75698,59262,5272,0.065110535,65000,42000,1.00E+05,,,,,,,,,,,
all-ages.csv,5005,GEOSCIENCES,Physical Sciences,8267,6129,5020,274,0.042792441,57000,36000,80000,,,,,,,,,,,
all-ages.csv,5006,OCEANOGRAPHY,Physical Sciences,10741,7882,6508,449,0.053895091,55000,40000,90000,,,,,,,,,,,
all-ages.csv,5007,PHYSICS,Physical Sciences,122620,80797,60812,4440,0.052090055,70000,40000,110000,,,,,,,,,,,
all-ages.csv,5008,MATERIALS SCIENCE,Engineering,7208,5866,4505,134,0.022333333,75000,60000,1.00E+05,,,,,,,,,,,
all-ages.csv,5098,MULTI-DISCIPLINARY OR GENERAL SCIENCE,Physical Sciences,427953,308461,238933,14613,0.045231124,56000,38000,85000,,,,,,,,,,,
all-ages.csv,5102,"NUCLEAR, INDUSTRIAL RADIOLOGY, AND BIOLOGICAL TECHNOLOGIES",Physical Sciences,12166,9560,7238,718,0.069857949,62000,45000,80000,,,,,,,,,,,
all-ages.csv,5200,PSYCHOLOGY,Psychology & Social Work,1484075,1055854,736817,79066,0.069666584,45000,31000,68000,,,,,,,,,,,
all-ages.csv,5201,EDUCATIONAL PSYCHOLOGY,Psychology & Social Work,14041,8751,5763,716,0.07563114,40000,33000,70000,,,,,,,,,,,
all-ages.csv,5202,CLINICAL PSYCHOLOGY,Psychology & Social Work,7638,5128,3297,587,0.102712161,45000,26100,62000,,,,,,,,,,,
all-ages.csv,5203,COUNSELING PSYCHOLOGY,Psychology & Social Work,17633,13071,8888,954,0.06802139,39000,25000,50000,,,,,,,,,,,
all-ages.csv,5205,INDUSTRIAL AND ORGANIZATIONAL PSYCHOLOGY,Psychology & Social Work,17969,11878,8631,1084,0.08362907,62000,40000,84000,,,,,,,,,,,
all-ages.csv,5206,SOCIAL PSYCHOLOGY,Psychology & Social Work,10871,6897,5226,660,0.087336245,47000,35000,70000,,,,,,,,,,,
all-ages.csv,5299,MISCELLANEOUS PSYCHOLOGY,Psychology & Social Work,34102,23921,15688,2137,0.082009364,45000,30000,70000,,,,,,,,,,,
all-ages.csv,5301,CRIMINAL JUSTICE AND FIRE PROTECTION,Law & Public Policy,757141,613369,517599,35037,0.054035589,50000,35000,74000,,,,,,,,,,,
all-ages.csv,5401,PUBLIC ADMINISTRATION,Law & Public Policy,54636,37879,31262,2836,0.069654918,56000,40000,85000,,,,,,,,,,,
all-ages.csv,5402,PUBLIC POLICY,Law & Public Policy,14782,11147,8196,959,0.079216917,60000,38000,90000,,,,,,,,,,,
all-ages.csv,5403,HUMAN SERVICES AND COMMUNITY ORGANIZATION,Psychology & Social Work,81786,61402,44959,4794,0.072421294,38000,29000,52000,,,,,,,,,,,
all-ages.csv,5404,SOCIAL WORK,Psychology & Social Work,319163,225081,164020,14208,0.059375901,40000,30000,53000,,,,,,,,,,,
all-ages.csv,5500,GENERAL SOCIAL SCIENCES,Social Science,127363,80165,57036,6132,0.071056931,50000,35000,75000,,,,,,,,,,,
all-ages.csv,5501,ECONOMICS,Social Science,757616,535446,430580,34974,0.061312717,69000,42000,110000,,,,,,,,,,,
all-ages.csv,5502,ANTHROPOLOGY AND ARCHEOLOGY,Humanities & Liberal Arts,143087,102399,66046,8684,0.078175778,43000,30000,68000,,,,,,,,,,,
all-ages.csv,5503,CRIMINOLOGY,Social Science,75085,59534,48763,4106,0.06451917,49000,35000,72000,,,,,,,,,,,
all-ages.csv,5504,GEOGRAPHY,Social Science,115423,83671,63070,6202,0.06900849,54000,38300,78000,,,,,,,,,,,
all-ages.csv,5505,INTERNATIONAL RELATIONS,Social Science,77371,56564,42091,4278,0.07031327,55000,40000,89000,,,,,,,,,,,
all-ages.csv,5506,POLITICAL SCIENCE AND GOVERNMENT,Social Science,748956,541630,421761,40376,0.069373855,58000,38000,90000,,,,,,,,,,,
all-ages.csv,5507,SOCIOLOGY,Social Science,674558,459174,336515,32344,0.065804304,47000,33000,70000,,,,,,,,,,,
all-ages.csv,5599,MISCELLANEOUS SOCIAL SCIENCES,Social Science,15882,12307,9444,708,0.054398771,52000,40000,80000,,,,,,,,,,,
all-ages.csv,5601,CONSTRUCTION SERVICES,Industrial Arts & Consumer Services,92346,79055,65916,4257,0.051097081,65000,45000,95000,,,,,,,,,,,
all-ages.csv,5701,"ELECTRICAL, MECHANICAL, AND PRECISION TECHNOLOGIES AND PRODUCTION",Industrial Arts & Consumer Services,15726,12607,10453,692,0.052033988,48000,32000,75000,,,,,,,,,,,
all-ages.csv,5901,TRANSPORTATION SCIENCES AND TECHNOLOGIES,Industrial Arts & Consumer Services,126639,98814,83519,4902,0.047263682,67000,42500,98000,,,,,,,,,,,
all-ages.csv,6000,FINE ARTS,Arts,571961,386961,256747,29912,0.071753268,45000,30000,70000,,,,,,,,,,,
all-ages.csv,6001,DRAMA AND THEATER ARTS,Arts,174817,135071,81519,11789,0.08027373,42000,29000,62000,,,,,,,,,,,
all-ages.csv,6002,MUSIC,Arts,276262,192704,116142,11155,0.054719193,45000,30000,67000,,,,,,,,,,,
all-ages.csv,6003,VISUAL AND PERFORMING ARTS,Arts,55141,41098,23479,4297,0.094658002,40000,27000,59000,,,,,,,,,,,
all-ages.csv,6004,COMMERCIAL ART AND GRAPHIC DESIGN,Arts,504657,379980,266671,30330,0.073919719,46600,32000,70000,,,,,,,,,,,
all-ages.csv,6005,FILM VIDEO AND PHOTOGRAPHIC ARTS,Arts,133508,107651,69303,10080,0.085618911,47000,30000,70000,,,,,,,,,,,
all-ages.csv,6006,ART HISTORY AND CRITICISM,Humanities & Liberal Arts,90852,61295,38989,4185,0.063912645,44500,30000,70000,,,,,,,,,,,
all-ages.csv,6007,STUDIO ARTS,Arts,81008,58799,36943,5372,0.083713827,37600,24900,58000,,,,,,,,,,,
all-ages.csv,6099,MISCELLANEOUS FINE ARTS,Arts,8511,6431,3802,1190,0.156147487,45000,30000,60000,,,,,,,,,,,
all-ages.csv,6100,GENERAL MEDICAL AND HEALTH SERVICES,Health,104516,78198,53746,4525,0.054700627,50000,35000,73000,,,,,,,,,,,
all-ages.csv,6102,COMMUNICATION DISORDERS SCIENCES AND SERVICES,Health,74977,49393,26085,2407,0.046467181,42000,30000,60000,,,,,,,,,,,
all-ages.csv,6103,HEALTH AND MEDICAL ADMINISTRATIVE SERVICES,Health,108510,85360,67294,5160,0.057003977,50000,35000,75000,,,,,,,,,,,
all-ages.csv,6104,MEDICAL ASSISTING SERVICES,Health,64316,51279,25118,1660,0.031356845,55000,37000,75000,,,,,,,,,,,
all-ages.csv,6105,MEDICAL TECHNOLOGIES TECHNICIANS,Health,164990,121479,92128,4564,0.036209865,60000,45000,76000,,,,,,,,,,,
all-ages.csv,6106,HEALTH AND MEDICAL PREPARATORY PROGRAMS,Health,32514,19009,13147,1431,0.070009785,50000,34000,85000,,,,,,,,,,,
all-ages.csv,6107,NURSING,Health,1769892,1325711,947546,36503,0.026796818,62000,48000,80000,,,,,,,,,,,
all-ages.csv,6108,PHARMACY PHARMACEUTICAL SCIENCES AND ADMINISTRATION,Health,180084,124058,89234,4414,0.034357681,106000,78000,125000,,,,,,,,,,,
all-ages.csv,6109,TREATMENT THERAPY PROFESSIONS,Health,252138,199174,128115,5378,0.026291603,61000,40000,80000,,,,,,,,,,,
all-ages.csv,6110,COMMUNITY AND PUBLIC HEALTH,Health,56741,42543,28912,3032,0.066527702,47000,32800,70000,,,,,,,,,,,
all-ages.csv,6199,MISCELLANEOUS HEALTH MEDICAL PROFESSIONS,Health,77647,52610,35676,2978,0.053572714,45000,32000,62000,,,,,,,,,,,
all-ages.csv,6200,GENERAL BUSINESS,Business,2148712,1580978,1304646,85626,0.051377532,60000,40000,95000,,,,,,,,,,,
all-ages.csv,6201,ACCOUNTING,Business,1779219,1335825,1095027,75379,0.053414673,65000,42500,1.00E+05,,,,,,,,,,,
all-ages.csv,6202,ACTUARIAL SCIENCE,Business,9763,7846,6880,466,0.056063523,72000,53000,115000,,,,,,,,,,,
all-ages.csv,6203,BUSINESS MANAGEMENT AND ADMINISTRATION,Business,3123510,2354398,1939384,147261,0.058865337,58000,39500,86000,,,,,,,,,,,
all-ages.csv,6204,OPERATIONS LOGISTICS AND E-COMMERCE,Business,57200,47341,41104,2141,0.043268259,65000,45000,90000,,,,,,,,,,,
all-ages.csv,6205,BUSINESS ECONOMICS,Business,75547,57983,48471,3816,0.061748572,65000,45000,1.00E+05,,,,,,,,,,,
all-ages.csv,6206,MARKETING AND MARKETING RESEARCH,Business,1114624,890125,704912,51839,0.055032889,56000,38500,90000,,,,,,,,,,,
all-ages.csv,6207,FINANCE,Business,816548,670681,561073,34166,0.048472931,65000,45000,1.00E+05,,,,,,,,,,,
all-ages.csv,6209,HUMAN RESOURCES AND PERSONNEL MANAGEMENT,Business,187274,142879,116466,9241,0.060748094,54000,38000,80000,,,,,,,,,,,
all-ages.csv,6210,INTERNATIONAL BUSINESS,Business,86064,66453,51012,5106,0.071353708,54000,38600,80000,,,,,,,,,,,
all-ages.csv,6211,HOSPITALITY MANAGEMENT,Business,200854,163393,122499,8862,0.051446983,49000,33000,70000,,,,,,,,,,,
all-ages.csv,6212,MANAGEMENT INFORMATION SYSTEMS AND STATISTICS,Business,156673,134478,118249,6186,0.043977137,72000,50000,1.00E+05,,,,,,,,,,,
all-ages.csv,6299,MISCELLANEOUS BUSINESS & MEDICAL ADMINISTRATION,Business,102753,77471,61603,4308,0.052678561,53000,36000,83000,,,,,,,,,,,
all-ages.csv,6402,HISTORY,Humanities & Liberal Arts,712509,478416,354163,33725,0.065851006,50000,35000,80000,,,,,,,,,,,
all-ages.csv,6403,UNITED STATES HISTORY,Humanities & Liberal Arts,17746,11887,8204,943,0.07349961,50000,39000,81000,,,,,,,,,,,
recent-grads.csv,2419,PETROLEUM ENGINEERING,Engineering,2339,1976,,37,0.018380527,110000,95000,125000,1,2057,282,0.120564344,36,1849,270,1207,1534,364,193
recent-grads.csv,2416,MINING AND MINERAL ENGINEERING,Engineering,756,640,,85,0.117241379,75000,55000,90000,2,679,77,0.101851852,7,556,170,388,350,257,50
recent-grads.csv,2415,METALLURGICAL ENGINEERING,Engineering,856,648,,16,0.024096386,73000,50000,105000,3,725,131,0.153037383,3,558,133,340,456,176,0
recent-grads.csv,2417,NAVAL ARCHITECTURE AND MARINE ENGINEERING,Engineering,1258,758,,40,0.050125313,70000,43000,80000,4,1123,135,0.107313196,16,1069,150,692,529,102,0
recent-grads.csv,2405,CHEMICAL ENGINEERING,Engineering,32260,25694,,1672,0.061097712,65000,50000,75000,5,21239,11021,0.341630502,289,23170,5180,16697,18314,4440,972
recent-grads.csv,2418,NUCLEAR ENGINEERING,Engineering,2573,1857,,400,0.177226407,65000,50000,102000,6,2200,373,0.144966965,17,2038,264,1449,1142,657,244
recent-grads.csv,6202,ACTUARIAL SCIENCE,Business,3777,2912,,308,0.095652174,62000,53000,72000,7,2110,1667,0.441355573,51,2924,296,2482,1768,314,259
recent-grads.csv,5001,ASTRONOMY AND ASTROPHYSICS,Physical Sciences,1792,1526,,33,0.021167415,62000,31500,109000,8,832,960,0.535714286,10,1085,553,827,972,500,220
recent-grads.csv,2414,MECHANICAL ENGINEERING,Engineering,91227,76442,,4650,0.057342278,60000,48000,70000,9,80320,10907,0.119558903,1029,71298,13101,54639,52844,16384,3253
recent-grads.csv,2408,ELECTRICAL ENGINEERING,Engineering,81527,61928,,3895,0.059173845,60000,45000,72000,10,65511,16016,0.196450256,631,55450,12695,41413,45829,10874,3170
recent-grads.csv,2407,COMPUTER ENGINEERING,Engineering,41542,32506,,2275,0.065409275,60000,45000,75000,11,33258,8284,0.199412643,399,30315,5146,23621,23694,5721,980
recent-grads.csv,2401,AEROSPACE ENGINEERING,Engineering,15058,11391,,794,0.065162085,60000,42000,70000,12,12953,2105,0.139792801,147,11106,2724,8790,8184,2425,372
recent-grads.csv,2404,BIOMEDICAL ENGINEERING,Engineering,14955,10047,,1019,0.09208386,60000,36000,70000,13,8407,6548,0.437846874,79,9017,2694,5986,6439,2471,789
recent-grads.csv,5008,MATERIALS SCIENCE,Engineering,4279,3307,,78,0.023042836,60000,39000,65000,14,2949,1330,0.310820285,22,2751,878,1967,2626,391,81
recent-grads.csv,2409,ENGINEERING MECHANICS PHYSICS AND SCIENCE,Engineering,4321,3608,,23,0.006334343,58000,25000,74000,15,3526,795,0.183985189,30,2999,811,2004,2439,947,263
recent-grads.csv,2402,BIOLOGICAL ENGINEERING,Engineering,8925,6170,,589,0.087143069,57100,40000,76000,16,6062,2863,0.320784314,55,5455,1983,3413,3603,1595,524
recent-grads.csv,2412,INDUSTRIAL AND MANUFACTURING ENGINEERING,Engineering,18968,15604,,699,0.042875544,57000,37900,67000,17,12453,6515,0.343473218,183,14879,2243,11326,8306,3235,640
recent-grads.csv,2400,GENERAL ENGINEERING,Engineering,61152,44931,,2859,0.059824231,56000,36000,69000,18,45683,15469,0.252959838,425,41235,7199,33540,26898,11734,3192
recent-grads.csv,2403,ARCHITECTURAL ENGINEERING,Engineering,2825,2575,,170,0.061930783,54000,38000,65000,19,1835,990,0.350442478,26,2277,343,1848,1665,649,137
recent-grads.csv,3201,COURT REPORTING,Law & Public Policy,1148,930,,11,0.011689692,54000,50000,54000,20,877,271,0.236062718,14,808,223,808,402,528,144
recent-grads.csv,2102,COMPUTER SCIENCE,Computers & Mathematics,128319,102087,,6884,0.063172771,53000,39000,70000,21,99743,28576,0.222695002,1196,91485,18726,70932,68622,25667,5144
recent-grads.csv,1104,FOOD SCIENCE,Agriculture & Natural Resources,,3149,,338,0.09693146,53000,32000,70000,22,,,,36,2558,1121,1735,1183,1274,485
recent-grads.csv,2502,ELECTRICAL ENGINEERING TECHNOLOGY,Engineering,11565,8587,,824,0.087557114,52000,35000,60000,23,8181,3384,0.292607004,97,7530,1873,5681,5126,2686,696
recent-grads.csv,2413,MATERIALS ENGINEERING AND MATERIALS SCIENCE,Engineering,2993,2449,,70,0.027788805,52000,35000,62000,24,2020,973,0.325091881,22,1658,1040,1151,1911,305,70
recent-grads.csv,6212,MANAGEMENT INFORMATION SYSTEMS AND STATISTICS,Business,18713,16413,,1015,0.058239614,51000,38000,60000,25,13496,5217,0.278790146,278,15141,2420,13017,6342,5741,708
recent-grads.csv,2406,CIVIL ENGINEERING,Engineering,53153,43041,,3270,0.070609574,50000,40000,60000,26,41081,12072,0.227117943,565,38302,10080,29196,28526,9356,2899
recent-grads.csv,5601,CONSTRUCTION SERVICES,Industrial Arts & Consumer Services,18498,16318,,1042,0.060023041,50000,36000,60000,27,16820,1678,0.090712509,295,15690,1751,12313,3275,5351,703
recent-grads.csv,6204,OPERATIONS LOGISTICS AND E-COMMERCE,Business,11732,10027,,504,0.047858703,50000,40000,60000,28,7921,3811,0.32483805,156,9639,1183,7724,1466,3629,285
recent-grads.csv,2499,MISCELLANEOUS ENGINEERING,Engineering,9133,7428,,597,0.074392523,50000,39000,65000,29,7398,1735,0.189970437,118,6811,1662,5476,3445,2426,365
recent-grads.csv,5402,PUBLIC POLICY,Law & Public Policy,5978,4547,,670,0.128426299,50000,35000,70000,30,2639,3339,0.558548009,55,4163,1306,2776,1550,1871,340
recent-grads.csv,2410,ENVIRONMENTAL ENGINEERING,Engineering,4047,2983,,308,0.093588575,50000,42000,56000,31,2662,1385,0.342228811,26,2384,930,1951,2028,830,260
recent-grads.csv,2500,ENGINEERING TECHNOLOGIES,Engineering,3600,2799,,163,0.055030385,50000,43000,60000,32,2695,905,0.251388889,39,2257,689,1723,1017,1269,142
recent-grads.csv,6099,MISCELLANEOUS FINE ARTS,Arts,3340,2914,,286,0.089375,50000,25000,66000,33,1970,1370,0.410179641,30,2049,1067,1200,693,1714,755
recent-grads.csv,2411,GEOLOGICAL AND GEOPHYSICAL ENGINEERING,Engineering,720,604,,49,0.075038285,50000,42800,57000,34,488,232,0.322222222,5,524,126,396,501,50,49
recent-grads.csv,6107,NURSING,Health,209394,180903,,8497,0.044862724,48000,39000,58000,35,21773,187621,0.896018988,2554,151191,40818,122817,151643,26146,6193
recent-grads.csv,6207,FINANCE,Business,174506,145696,,9413,0.060686356,47000,35000,64000,36,115030,59476,0.340824957,2189,137921,21463,108595,24243,48447,9910
recent-grads.csv,5501,ECONOMICS,Social Science,139247,104117,,11452,0.099092317,47000,35000,65000,37,89749,49498,0.355469059,1322,96567,25325,70740,25582,37057,10653
recent-grads.csv,6205,BUSINESS ECONOMICS,Business,13302,10914,,1165,0.096448381,46000,33000,58000,38,7575,5727,0.430536761,199,10048,1937,8000,1578,4612,1284
recent-grads.csv,2503,INDUSTRIAL PRODUCTION TECHNOLOGIES,Engineering,4631,4428,,129,0.028308097,46000,35000,65000,39,3477,1154,0.24919024,73,3988,597,3242,1394,2454,480
recent-grads.csv,5102,"NUCLEAR, INDUSTRIAL RADIOLOGY, AND BIOLOGICAL TECHNOLOGIES",Physical Sciences,2116,1778,,137,0.07154047,46000,38000,53000,40,528,1588,0.75047259,31,1392,579,1115,162,1475,124
recent-grads.csv,6201,ACCOUNTING,Business,198633,165527,,12411,0.069749014,45000,34000,56000,41,94519,104114,0.524152583,2042,151967,27693,123169,11417,39323,10886
recent-grads.csv,3700,MATHEMATICS,Computers & Mathematics,72397,58118,,2884,0.047277138,45000,33000,60000,42,39956,32441,0.448098678,541,46399,18079,33738,34800,14829,4569
recent-grads.csv,2100,COMPUTER AND INFORMATION SYSTEMS,Computers & Mathematics,36698,28459,,2934,0.093460326,45000,30000,60000,43,27392,9306,0.253583302,425,26348,4332,21130,13344,11783,1672
recent-grads.csv,5007,PHYSICS,Physical Sciences,32142,25302,,1282,0.048224496,45000,30000,68000,44,23080,9062,0.281936407,142,19428,8721,14389,18674,4576,1823
recent-grads.csv,6105,MEDICAL TECHNOLOGIES TECHNICIANS,Health,15914,13150,,505,0.03698279,45000,36000,50000,45,3916,11998,0.75392736,190,11510,2665,9005,5546,7176,1002
recent-grads.csv,2105,INFORMATION SCIENCES,Computers & Mathematics,11913,9881,,639,0.060741445,45000,32500,58000,46,9005,2908,0.244103081,158,9105,1468,7378,4390,4102,608
recent-grads.csv,3702,STATISTICS AND DECISION SCIENCE,Computers & Mathematics,6251,4247,,401,0.086273666,45000,26700,60000,47,2960,3291,0.526475764,37,3190,1840,2151,2298,1200,343
recent-grads.csv,3701,APPLIED MATHEMATICS,Computers & Mathematics,4939,3854,,385,0.090823307,45000,34000,63000,48,2794,2145,0.434298441,45,3465,1176,2593,2437,803,357
recent-grads.csv,3607,PHARMACOLOGY,Biology & Life Science,1762,1144,,107,0.085531575,45000,40000,45000,49,515,1247,0.707718502,3,657,532,565,603,478,93
recent-grads.csv,5006,OCEANOGRAPHY,Physical Sciences,2418,1638,,99,0.056994819,44700,23000,50000,50,752,1666,0.688999173,36,1931,379,1595,459,996,186
recent-grads.csv,2501,ENGINEERING AND INDUSTRIAL MANAGEMENT,Engineering,2906,2125,,74,0.03365166,44000,30000,50000,51,2400,506,0.174122505,29,1992,462,1358,482,844,245
recent-grads.csv,6104,MEDICAL ASSISTING SERVICES,Health,11123,9168,,407,0.042506527,42000,30000,65000,52,803,10320,0.927807246,67,5643,4107,4290,2091,6948,1270
recent-grads.csv,4005,MATHEMATICS AND COMPUTER SCIENCE,Computers & Mathematics,609,559,,0,0,42000,30000,78000,53,500,109,0.178981938,7,584,0,391,452,67,25
recent-grads.csv,2101,COMPUTER PROGRAMMING AND DATA PROCESSING,Computers & Mathematics,4168,3257,,419,0.11398259,41300,20000,46000,54,3046,1122,0.269193858,43,3204,482,2453,2024,1033,263
recent-grads.csv,4006,COGNITIVE SCIENCE AND BIOPSYCHOLOGY,Biology & Life Science,3831,2741,,223,0.075236167,41000,20000,60000,55,1667,2164,0.56486557,25,2470,711,1584,1369,921,135
recent-grads.csv,2303,SCHOOL STUDENT COUNSELING,Education,818,730,,88,0.107579462,41000,41000,43000,56,119,699,0.854523227,4,595,135,545,509,221,0
recent-grads.csv,5505,INTERNATIONAL RELATIONS,Social Science,28187,21190,,2271,0.096798943,40100,31200,53000,57,10345,17842,0.632986838,219,18681,5563,13583,6774,9570,2499
recent-grads.csv,6200,GENERAL BUSINESS,Business,234590,190183,,14946,0.072861468,40000,30000,55000,58,132238,102352,0.436301633,2380,171385,36241,138299,29334,100831,27320
recent-grads.csv,1401,ARCHITECTURE,Engineering,46420,34158,,4366,0.113331949,40000,31000,50000,59,25463,20957,0.451464886,362,29223,10206,20026,16178,13724,4221
recent-grads.csv,6210,INTERNATIONAL BUSINESS,Business,25894,19660,,2092,0.096175064,40000,30000,50000,60,10624,15270,0.589711902,260,17563,4890,12823,3383,9482,3046
recent-grads.csv,6108,PHARMACY PHARMACEUTICAL SCIENCES AND ADMINISTRATION,Health,23551,16620,,977,0.055520827,40000,20000,90000,61,8697,14854,0.630716318,38,12537,5346,9131,11573,4493,1121
recent-grads.csv,3603,MOLECULAR BIOLOGY,Biology & Life Science,18300,11581,,1067,0.084361164,40000,29000,47000,62,7426,10874,0.59420765,90,9441,4590,6183,7225,3145,1168
recent-grads.csv,6299,MISCELLANEOUS BUSINESS & MEDICAL ADMINISTRATION,Business,17947,14826,,1150,0.071982974,40000,30000,51000,63,10285,7662,0.42692372,244,13364,3366,10637,2236,8937,1758
recent-grads.csv,1101,AGRICULTURE PRODUCTION AND MANAGEMENT,Agriculture & Natural Resources,14240,12323,,649,0.050030836,40000,25000,50000,64,9658,4582,0.321769663,273,11119,2196,9093,1925,6221,1362
recent-grads.csv,1100,GENERAL AGRICULTURE,Agriculture & Natural Resources,10399,8884,,178,0.019642463,40000,30000,50000,65,6053,4346,0.4179248,158,7589,2031,5888,2418,4717,839
recent-grads.csv,2599,MISCELLANEOUS ENGINEERING TECHNOLOGIES,Engineering,8804,7502,,416,0.05253852,40000,30400,56000,66,7043,1761,0.200022717,125,7001,1240,5825,2446,3896,386
recent-grads.csv,2504,MECHANICAL ENGINEERING RELATED TECHNOLOGIES,Engineering,4790,4186,,250,0.056357078,40000,27000,52000,67,4419,371,0.077453027,71,4175,247,3607,1861,2121,406
recent-grads.csv,3605,GENETICS,Biology & Life Science,3635,2463,,87,0.034117647,40000,34000,45000,68,1761,1874,0.515543329,11,1787,847,1487,1675,678,201
recent-grads.csv,5599,MISCELLANEOUS SOCIAL SCIENCES,Social Science,3283,2727,,215,0.073079538,40000,30000,54000,69,1499,1784,0.543405422,28,2183,907,1530,744,1654,573
recent-grads.csv,6403,UNITED STATES HISTORY,Humanities & Liberal Arts,3079,2787,,138,0.047179487,40000,30000,42000,70,1756,1323,0.429684963,22,2103,839,1274,801,1591,302
recent-grads.csv,5205,INDUSTRIAL AND ORGANIZATIONAL PSYCHOLOGY,Psychology & Social Work,3014,2343,,286,0.108786611,40000,32000,53000,71,1075,1939,0.643331121,24,1644,1095,1409,559,1224,272
recent-grads.csv,1102,AGRICULTURAL ECONOMICS,Agriculture & Natural Resources,2439,2174,,182,0.077249576,40000,27000,54000,72,1749,690,0.282902829,44,1819,620,1528,535,893,94
recent-grads.csv,5000,PHYSICAL SCIENCES,Physical Sciences,1436,1146,,42,0.035353535,40000,30000,55000,73,894,542,0.377437326,10,768,437,653,530,465,269
recent-grads.csv,3801,MILITARY TECHNOLOGIES,Industrial Arts & Consumer Services,124,0,,0,0,40000,40000,40000,74,124,0,0,4,111,0,111,0,0,0
recent-grads.csv,5003,CHEMISTRY,Physical Sciences,66530,48535,,2769,0.0539724,39000,30000,49900,75,32923,33607,0.505140538,353,39509,15066,29910,30382,14718,4288
recent-grads.csv,5701,"ELECTRICAL, MECHANICAL, AND PRECISION TECHNOLOGIES AND PRODUCTION",Industrial Arts & Consumer Services,2435,2107,,64,0.029479503,38400,22500,45000,76,1869,566,0.232443532,37,2057,287,1752,221,1659,81
recent-grads.csv,6203,BUSINESS MANAGEMENT AND ADMINISTRATION,Business,329927,276234,,21502,0.072218341,38000,29000,50000,77,173809,156118,0.473189524,4212,251540,50357,199897,36720,148395,32395
recent-grads.csv,6206,MARKETING AND MARKETING RESEARCH,Business,205211,178862,,11663,0.061215064,38000,30000,50000,78,78857,126354,0.615727227,2684,156668,35829,127230,25320,93889,27968
recent-grads.csv,5506,POLITICAL SCIENCE AND GOVERNMENT,Social Science,182621,133454,,15022,0.101174601,38000,28000,50000,79,93880,88741,0.485929877,1387,117709,43711,83236,36854,66947,19803
recent-grads.csv,5504,GEOGRAPHY,Social Science,18480,14057,,1799,0.113458628,38000,30000,50000,80,11404,7076,0.382900433,179,11367,5651,8628,5350,6830,1905
recent-grads.csv,3606,MICROBIOLOGY,Biology & Life Science,15232,9685,,693,0.066775872,38000,29600,50000,81,6383,8849,0.580948004,62,7453,3379,5080,5577,3174,1246
recent-grads.csv,2106,COMPUTER ADMINISTRATION MANAGEMENT AND SECURITY,Computers & Mathematics,8066,6509,,721,0.099723375,37500,25000,50000,82,6607,1459,0.180882718,103,6289,1030,4936,2354,3244,308
recent-grads.csv,3601,BIOCHEMICAL SCIENCES,Biology & Life Science,39107,25678,,2249,0.080531385,37400,29000,50000,83,18951,20156,0.515406449,174,20643,9948,13785,15654,8394,3012
recent-grads.csv,3602,BOTANY,Biology & Life Science,1329,1010,,0,0,37000,26000,40000,84,626,703,0.52896915,9,946,169,740,677,184,56
recent-grads.csv,2107,COMPUTER NETWORKING AND TELECOMMUNICATIONS,Computers & Mathematics,7613,6144,,1100,0.151849807,36400,27000,49000,85,5291,2322,0.305004597,97,5495,1447,4369,2593,2941,352
recent-grads.csv,5004,GEOLOGY AND EARTH SCIENCE,Physical Sciences,10972,8296,,677,0.075448568,36200,28000,47000,86,5813,5159,0.470196865,78,6966,2913,5008,4858,2792,959
recent-grads.csv,6209,HUMAN RESOURCES AND PERSONNEL MANAGEMENT,Business,24497,20760,,1315,0.059569649,36000,28000,45000,87,6184,18313,0.747560926,264,18550,3767,15446,2406,9629,1906
recent-grads.csv,3202,PRE-LAW AND LEGAL STUDIES,Law & Public Policy,13528,9762,,757,0.071965016,36000,29200,46000,88,4435,9093,0.672161443,92,7851,3595,5370,2002,6454,1336
recent-grads.csv,6199,MISCELLANEOUS HEALTH MEDICAL PROFESSIONS,Health,13386,10076,,893,0.08141125,36000,23000,42000,89,1589,11797,0.881293889,81,7514,4145,5868,5652,3835,1422
recent-grads.csv,5401,PUBLIC ADMINISTRATION,Law & Public Policy,5629,4158,,789,0.1594906,36000,23000,60000,90,2947,2682,0.476461183,46,4148,847,2952,919,2313,496
recent-grads.csv,5005,GEOSCIENCES,Physical Sciences,1978,1441,,36,0.024373731,36000,21000,41000,91,809,1169,0.591001011,18,1264,354,1011,784,591,221
recent-grads.csv,5206,SOCIAL PSYCHOLOGY,Psychology & Social Work,1386,1080,,33,0.029649596,36000,34000,45000,92,413,973,0.702020202,8,828,433,529,434,593,37
recent-grads.csv,1301,ENVIRONMENTAL SCIENCE,Biology & Life Science,25965,20859,,1779,0.078584681,35600,25000,40200,93,10787,15178,0.584556133,225,16987,7071,10916,8149,10076,3175
recent-grads.csv,1901,COMMUNICATIONS,Communications & Journalism,213996,179633,,14602,0.075176976,35000,27000,45000,94,70619,143377,0.669998505,2394,147335,49889,116251,40763,97964,27440
recent-grads.csv,5301,CRIMINAL JUSTICE AND FIRE PROTECTION,Law & Public Policy,152824,125393,,11268,0.082452199,35000,26000,45000,95,80231,72593,0.47501047,1728,109970,32242,88548,24348,88858,18404
recent-grads.csv,6004,COMMERCIAL ART AND GRAPHIC DESIGN,Arts,103480,83483,,8947,0.096797577,35000,25000,45000,96,32041,71439,0.690365288,1186,67448,24387,52243,37389,38119,14839
recent-grads.csv,1902,JOURNALISM,Communications & Journalism,72619,61022,,4535,0.069176442,35000,26000,42900,97,23736,48883,0.673143392,843,51411,15902,39524,23279,26672,8512
recent-grads.csv,5098,MULTI-DISCIPLINARY OR GENERAL SCIENCE,Physical Sciences,62052,46138,,2727,0.055806815,35000,24000,50000,98,27015,35037,0.564639335,427,37850,13133,28966,17923,22039,5751
recent-grads.csv,1904,ADVERTISING AND PUBLIC RELATIONS,Communications & Journalism,53162,45326,,3305,0.067960766,35000,27000,47000,99,12862,40300,0.758060269,681,38815,10948,30932,9659,23059,7214
recent-grads.csv,1501,AREA ETHNIC AND CIVILIZATION STUDIES,Humanities & Liberal Arts,31195,24629,,1668,0.063429289,35000,24500,44000,100,8739,22456,0.719858952,249,18755,9541,13109,8465,11818,3677
recent-grads.csv,2310,SPECIAL NEEDS EDUCATION,Education,28739,24639,,1067,0.041507819,35000,32000,42000,101,2682,26057,0.906677337,246,21584,5153,16642,20185,3797,1179
recent-grads.csv,3608,PHYSIOLOGY,Biology & Life Science,22060,14643,,1088,0.0691628,35000,20000,50000,102,8422,13638,0.618223028,99,10732,6541,7588,6587,6894,2237
recent-grads.csv,5503,CRIMINOLOGY,Social Science,19879,16181,,1743,0.097243919,35000,25000,45000,103,10031,9848,0.495397153,214,13616,4543,10548,3373,10605,1895
recent-grads.csv,4002,NUTRITION SCIENCES,Health,18909,13217,,975,0.068700676,35000,26000,45000,104,2563,16346,0.864456079,118,9601,6648,6625,6535,5473,2449
recent-grads.csv,6103,HEALTH AND MEDICAL ADMINISTRATIVE SERVICES,Health,18109,15419,,1518,0.089626262,35000,27000,42000,105,4266,13843,0.764426528,184,13534,3299,10982,2589,8592,1391
recent-grads.csv,2001,COMMUNICATION TECHNOLOGIES,Computers & Mathematics,18035,14779,,2006,0.119511469,35000,25000,45000,106,11431,6604,0.366176878,208,11981,4690,9085,4545,8794,2495
recent-grads.csv,5901,TRANSPORTATION SCIENCES AND TECHNOLOGIES,Industrial Arts & Consumer Services,15150,12266,,962,0.072724524,35000,22000,52000,107,13257,1893,0.124950495,180,11688,2633,9170,4575,6147,557
recent-grads.csv,1303,NATURAL RESOURCES MANAGEMENT,Agriculture & Natural Resources,13773,11797,,842,0.066619195,35000,25000,42000,108,8617,5156,0.374355623,152,10722,2613,6954,4333,5808,1405
recent-grads.csv,3611,NEUROSCIENCE,Biology & Life Science,13663,9087,,463,0.048481675,35000,30000,44000,109,4944,8719,0.63814682,53,8027,3078,5482,5605,2301,902
recent-grads.csv,4000,MULTI/INTERDISCIPLINARY STUDIES,Interdisciplinary,12296,9821,,749,0.070860927,35000,25000,44000,110,2817,9479,0.770901106,128,8032,3173,6234,5176,3903,1061
recent-grads.csv,5002,ATMOSPHERIC SCIENCES AND METEOROLOGY,Physical Sciences,4043,3431,,78,0.022228555,35000,28000,50000,111,2744,1299,0.321296067,32,2659,1309,2161,1808,1317,237
recent-grads.csv,1302,FORESTRY,Agriculture & Natural Resources,3607,3007,,322,0.096725743,35000,28600,48000,112,3156,451,0.125034655,48,2473,891,1763,1096,1692,327
recent-grads.csv,1106,SOIL SCIENCE,Agriculture & Natural Resources,685,613,,0,0,35000,18500,44000,113,476,209,0.305109489,4,488,185,383,355,144,0
recent-grads.csv,2300,GENERAL EDUCATION,Education,143718,118241,,7195,0.057359929,34000,26000,41000,114,26893,116825,0.812876606,919,98408,29558,73531,82007,31112,11443
recent-grads.csv,6402,HISTORY,Humanities & Liberal Arts,141951,105646,,11176,0.095666912,34000,25000,47000,115,78253,63698,0.448732309,1058,84681,40657,59218,35336,54569,16839
recent-grads.csv,2602,FRENCH GERMAN LATIN AND OTHER COMMON FOREIGN LANGUAGE STUDIES,Humanities & Liberal Arts,48246,38315,,3132,0.075566386,34000,25000,45000,116,12835,35411,0.733967583,342,29340,14569,20056,15051,18193,5267
recent-grads.csv,4001,INTERCULTURAL AND INTERNATIONAL STUDIES,Humanities & Liberal Arts,24650,18824,,1718,0.083633531,34000,24000,45000,117,8575,16075,0.652129817,184,14354,7978,8801,4956,10343,3168
recent-grads.csv,2311,SOCIAL SCIENCE OR HISTORY TEACHER EDUCATION,Education,20198,17700,,1012,0.054082941,34000,23050,42000,118,9950,10248,0.507376968,157,14002,5168,8871,10928,5561,1806
recent-grads.csv,6110,COMMUNITY AND PUBLIC HEALTH,Health,19735,14512,,1833,0.112144387,34000,21000,45000,119,4103,15632,0.792095262,130,10099,6377,7460,5225,7385,1854
recent-grads.csv,2305,MATHEMATICS TEACHER EDUCATION,Education,14237,13115,,216,0.016202835,34000,30000,40000,120,3872,10365,0.728032591,123,11259,2273,8073,10699,1977,786
recent-grads.csv,2301,EDUCATIONAL ADMINISTRATION AND SUPERVISION,Education,804,703,,0,0,34000,29000,35000,121,280,524,0.651741294,5,733,0,504,346,206,111
recent-grads.csv,6106,HEALTH AND MEDICAL PREPARATORY PROGRAMS,Health,12740,7052,,529,0.069779712,33500,23000,40000,122,5521,7219,0.566640502,31,5029,3891,3236,3051,3539,1159
recent-grads.csv,3699,MISCELLANEOUS BIOLOGY,Biology & Life Science,10706,7767,,483,0.058545455,33500,23000,48000,123,4747,5959,0.556603774,63,6076,2568,4542,4253,2722,459
recent-grads.csv,3600,BIOLOGY,Biology & Life Science,280709,182295,,13874,0.070724732,33400,24000,45000,124,111762,168947,0.601858152,1370,144512,72371,100336,88232,81109,28339
recent-grads.csv,5507,SOCIOLOGY,Social Science,115433,92721,,8608,0.084951001,33000,25000,44000,125,32510,82923,0.718364766,1024,73475,29639,56561,29051,48899,13748
recent-grads.csv,1903,MASS MEDIA,Communications & Journalism,52824,44679,,4410,0.089836827,33000,25000,45000,126,24704,28120,0.532333788,590,35769,13078,27521,12855,25297,6429
recent-grads.csv,6109,TREATMENT THERAPY PROFESSIONS,Health,48491,37861,,2409,0.059821207,33000,24000,41000,127,13487,35004,0.721865913,224,30020,12346,21735,22215,14616,4468
recent-grads.csv,6211,HOSPITALITY MANAGEMENT,Business,43647,36728,,2393,0.061169193,33000,25000,42000,128,15204,28443,0.651659908,546,32160,7494,23106,2325,23341,9063
recent-grads.csv,2313,LANGUAGE AND DRAMA EDUCATION,Education,30471,26033,,1379,0.050306435,33000,24000,40000,129,3741,26730,0.877227528,235,21419,7239,15266,17985,6824,2819
recent-grads.csv,2601,LINGUISTICS AND COMPARATIVE LANGUAGE AND LITERATURE,Humanities & Liberal Arts,16601,11165,,1302,0.10443571,33000,25000,40000,130,4416,12185,0.733991928,88,8462,4831,5821,4122,5695,2085
recent-grads.csv,2399,MISCELLANEOUS EDUCATION,Education,10150,8691,,547,0.059211951,33000,30000,45000,131,3654,6496,0.64,126,7264,2202,5816,5284,2438,657
recent-grads.csv,4007,INTERDISCIPLINARY SOCIAL SCIENCES,Social Science,9916,7444,,757,0.092305816,33000,24000,40000,132,2337,7579,0.76432029,95,5843,2834,4714,2630,3906,1470
recent-grads.csv,3604,ECOLOGY,Biology & Life Science,9154,7585,,437,0.054475193,33000,23000,42000,133,3878,5276,0.576360061,86,5603,2741,3912,2856,4159,976
recent-grads.csv,2309,SECONDARY TEACHER EDUCATION,Education,17125,15116,,833,0.05222898,32500,25000,38000,134,6820,10305,0.601751825,156,12520,3782,9193,10304,3967,1385
recent-grads.csv,6100,GENERAL MEDICAL AND HEALTH SERVICES,Health,33599,24406,,2183,0.082101621,32400,25000,45000,135,7574,26025,0.774576624,202,18166,11088,12809,9364,12889,3816
recent-grads.csv,4801,PHILOSOPHY AND RELIGIOUS STUDIES,Humanities & Liberal Arts,54814,40157,,4267,0.096051684,32200,23000,47100,136,31967,22847,0.416809574,375,31086,16659,21816,14444,20313,8051
recent-grads.csv,2314,ART AND MUSIC EDUCATION,Education,34181,30007,,1206,0.038637747,32100,25000,40000,137,10732,23449,0.6860244,338,23018,9209,16537,20821,8260,2767
recent-grads.csv,3301,ENGLISH LANGUAGE AND LITERATURE,Humanities & Liberal Arts,194673,149180,,14345,0.08772359,32000,23000,41000,138,58227,136446,0.70089843,1436,114386,57825,81180,57690,71827,26503
recent-grads.csv,2304,ELEMENTARY EDUCATION,Education,170862,149339,,7297,0.046585715,32000,23400,38000,139,13029,157833,0.923745479,1629,123177,37965,86540,108085,36972,11502
recent-grads.csv,4101,PHYSICAL FITNESS PARKS RECREATION AND LEISURE,Industrial Arts & Consumer Services,125074,103078,,5593,0.051467273,32000,24000,43000,140,62181,62893,0.502846315,1014,77428,38515,57978,27581,63946,16838
recent-grads.csv,3401,LIBERAL ARTS,Humanities & Liberal Arts,71369,54844,,4657,0.078267592,32000,25000,42000,141,22339,49030,0.686992952,569,43401,19187,33438,18565,28558,9030
recent-grads.csv,6005,FILM VIDEO AND PHOTOGRAPHIC ARTS,Arts,38761,31433,,3718,0.10577224,32000,22000,42000,142,22357,16404,0.423208896,331,22457,12818,15740,7368,20721,5862
recent-grads.csv,5500,GENERAL SOCIAL SCIENCES,Social Science,12920,9602,,1108,0.103454715,32000,27000,50000,143,5079,7841,0.606888545,113,7700,3396,5679,3602,4778,1634
recent-grads.csv,1105,PLANT SCIENCE AND AGRONOMY,Agriculture & Natural Resources,7416,6594,,314,0.045454545,32000,22900,40000,144,4897,2519,0.339670982,110,5798,1246,4522,2089,3545,1231
recent-grads.csv,2308,SCIENCE AND COMPUTER TEACHER EDUCATION,Education,6483,5362,,266,0.047263682,32000,28000,39000,145,2049,4434,0.683942619,59,4764,1227,3247,4214,1106,591
recent-grads.csv,5200,PSYCHOLOGY,Psychology & Social Work,393735,307933,,28169,0.083810867,31500,24000,41000,146,86648,307087,0.779933204,2584,233205,115172,174438,125148,141860,48207
recent-grads.csv,6002,MUSIC,Arts,60633,47662,,3918,0.075959674,31000,22300,42000,147,29909,30724,0.506720763,419,29010,24943,21425,13752,28786,9286
recent-grads.csv,2306,PHYSICAL AND HEALTH EDUCATION TEACHING,Education,28213,23794,,1920,0.074667496,31000,24000,40000,148,15670,12543,0.444582285,259,19420,7230,13651,12777,9328,2042
recent-grads.csv,6006,ART HISTORY AND CRITICISM,Humanities & Liberal Arts,21030,17579,,1128,0.060298284,31000,23000,40000,149,3240,17790,0.845934379,204,13262,6140,9965,5139,9738,3426
recent-grads.csv,6000,FINE ARTS,Arts,74440,59679,,5486,0.084186296,30500,21000,41000,150,24786,49654,0.667033853,623,42764,23656,31877,20792,32725,11880
recent-grads.csv,2901,FAMILY AND CONSUMER SCIENCES,Industrial Arts & Consumer Services,58001,46624,,3355,0.067128194,30000,22900,40000,151,5166,52835,0.91093257,518,36747,15872,26906,20985,20133,5248
recent-grads.csv,5404,SOCIAL WORK,Psychology & Social Work,53552,45038,,3329,0.06882792,30000,25000,35000,152,5137,48415,0.904074544,374,34941,13481,27588,27449,14416,4344
recent-grads.csv,1103,ANIMAL SCIENCES,Agriculture & Natural Resources,21573,17112,,917,0.050862499,30000,22000,40000,153,5347,16226,0.752143884,255,14479,5353,10824,5443,9571,2125
recent-grads.csv,6003,VISUAL AND PERFORMING ARTS,Arts,16250,12870,,1465,0.102197419,30000,22000,40000,154,4133,12117,0.745661538,132,8447,6253,6322,3849,7635,2840
recent-grads.csv,2312,TEACHER EDUCATION: MULTIPLE LEVELS,Education,14443,13076,,496,0.03654583,30000,24000,37000,155,2734,11709,0.810704147,142,11734,2214,8457,10766,1949,722
recent-grads.csv,5299,MISCELLANEOUS PSYCHOLOGY,Psychology & Social Work,9628,7653,,419,0.05190783,30000,20800,40000,156,1936,7692,0.798919817,60,5201,3221,3838,2960,3948,1650
recent-grads.csv,5403,HUMAN SERVICES AND COMMUNITY ORGANIZATION,Psychology & Social Work,9374,8294,,326,0.037819026,30000,24000,35000,157,885,8489,0.90558993,89,6455,2405,5061,2878,4595,724
recent-grads.csv,3402,HUMANITIES,Humanities & Liberal Arts,6652,5052,,372,0.068584071,30000,20000,49000,158,2013,4639,0.697384245,49,3565,2225,2661,1168,3354,1141
recent-grads.csv,4901,THEOLOGY AND RELIGIOUS VOCATIONS,Humanities & Liberal Arts,30207,24202,,1617,0.062628297,29000,22000,38000,159,18616,11591,0.383719006,310,18079,8767,13944,9927,12037,3304
recent-grads.csv,6007,STUDIO ARTS,Arts,16977,13908,,1368,0.089552239,29000,19200,38300,160,4754,12223,0.719974083,182,10451,5673,7413,3948,8707,3586
recent-grads.csv,2201,COSMETOLOGY SERVICES AND CULINARY ARTS,Industrial Arts & Consumer Services,10510,8650,,510,0.055676856,29000,20000,36000,161,4364,6146,0.584776403,117,7662,2064,5949,563,7384,3163
recent-grads.csv,1199,MISCELLANEOUS AGRICULTURE,Agriculture & Natural Resources,1488,1290,,82,0.059766764,29000,23000,42100,162,404,1084,0.728494624,24,1098,335,936,483,626,31
recent-grads.csv,5502,ANTHROPOLOGY AND ARCHEOLOGY,Humanities & Liberal Arts,38844,29633,,3395,0.102791571,28000,20000,38000,163,11376,27468,0.707136237,247,20147,14515,13232,9805,16693,6866
recent-grads.csv,6102,COMMUNICATION DISORDERS SCIENCES AND SERVICES,Health,38279,29763,,1487,0.047584,28000,20000,40000,164,1225,37054,0.967998119,95,19975,13862,14460,19957,9404,5125
recent-grads.csv,2307,EARLY CHILDHOOD EDUCATION,Education,37589,32551,,1360,0.040104981,28000,21000,35000,165,1167,36422,0.968953683,342,27569,7001,20748,23515,7705,2868
recent-grads.csv,2603,OTHER FOREIGN LANGUAGES,Humanities & Liberal Arts,11204,7052,,846,0.107115726,27500,22900,38000,166,3472,7732,0.690110675,56,5197,3685,3214,2326,3703,1115
recent-grads.csv,6001,DRAMA AND THEATER ARTS,Arts,43249,36165,,3040,0.07754113,27000,19200,35000,167,14440,28809,0.666119448,357,25147,15994,16891,6994,25313,11068
recent-grads.csv,3302,COMPOSITION AND RHETORIC,Humanities & Liberal Arts,18953,15053,,1340,0.081742207,27000,20000,35000,168,7022,11931,0.629504564,151,10121,6612,7832,4855,8100,3466
recent-grads.csv,3609,ZOOLOGY,Biology & Life Science,8409,6259,,304,0.04632028,26000,20000,39000,169,3050,5359,0.637293376,47,5043,2190,3602,2771,2947,743
recent-grads.csv,5201,EDUCATIONAL PSYCHOLOGY,Psychology & Social Work,2854,2125,,148,0.065112187,25000,24000,34000,170,522,2332,0.817098809,7,1848,572,1211,1488,615,82
recent-grads.csv,5202,CLINICAL PSYCHOLOGY,Psychology & Social Work,2838,2101,,368,0.149048198,25000,25000,40000,171,568,2270,0.799859056,13,1724,648,1293,986,870,622
recent-grads.csv,5203,COUNSELING PSYCHOLOGY,Psychology & Social Work,4626,3777,,214,0.053620646,23400,19200,26000,172,931,3695,0.798746217,21,3154,965,2738,2403,1245,308
recent-grads.csv,3501,LIBRARY SCIENCE,Education,1098,742,,87,0.104945718,22000,20000,22000,173,134,964,0.877959927,2,593,237,410,288,338,192
